"","Year","sum_flow","mig_year","win_flow","win_flow_CV","sum_air","win_air","spr_air","spr_dis","RIS_flow_juv","RIS_temp_juv","UC_spill_pct_juv","RIS_flow_ad","RIS_temp_ad","McN_flow","McN_temp","McN_spill","Bon_flow","Bon_temp","Bon_spill","MC_spill_pct_juv","ersstArc.win","ersstArc.spr","ersstArc.sum","ersstArc.aut","ersstWAcoast.win","ersstWAcoast.spr","ersstWAcoast.sum","ersstWAcoast.aut","transport.win","transport.spr","transport.sum","transport.aut","CRflow.win","CRflow.spr","CRflow.sum","CRtemp.spr","CRtemp.sum","cui.win","cui.spr","cui.sum","cui.aut","mei.win","mei.spr","mei.sum","mei.aut","npgo.win","npgo.spr","npgo.sum","npgo.aut","npi.win","npi.spr","npi.sum","npi.aut","oni.win","oni.spr","oni.sum","oni.aut","pdo.win","pdo.spr","pdo.sum","pdo.aut"
"1",NA,NA,1900,NA,NA,NA,NA,NA,NA,NA,NA,NA,NA,NA,NA,NA,NA,NA,NA,NA,NA,-0.189683093695805,0.150865058378242,0.0485495367269406,0.252337685124628,0.24281108379364,0.438441117604574,0.335353533426921,-0.715558052062988,NA,NA,NA,NA,NA,NA,NA,NA,NA,NA,NA,NA,NA,NA,NA,NA,NA,NA,NA,NA,NA,1006.75,1010.22,1014.95666666667,1013.63333333333,NA,NA,NA,NA,0.68,0.536666666666667,0.58,-0.15
"2",NA,NA,1901,NA,NA,NA,NA,NA,NA,NA,NA,NA,NA,NA,NA,NA,NA,NA,NA,NA,NA,0.0178150907330129,-0.39650441572584,-0.826481237630734,-0.836173174024998,-0.494151910146077,-0.485195716222127,-1.37203001976013,-0.559899727503459,NA,NA,NA,NA,NA,NA,NA,NA,NA,NA,NA,NA,NA,NA,NA,NA,NA,NA,NA,NA,NA,1008.44333333333,1016.77333333333,1015.88333333333,1011.85,NA,NA,NA,NA,0.62,0.18,-0.616666666666667,-0.256666666666667
"3",NA,NA,1902,NA,NA,NA,NA,NA,NA,NA,NA,NA,NA,NA,NA,NA,NA,NA,NA,NA,NA,-0.321455920153651,-0.288164510535098,-0.0464929865694594,-0.205908253823204,0.275206327438354,0.0202647050221761,-0.282962878545125,-0.35291846593221,NA,NA,NA,NA,NA,NA,NA,NA,NA,NA,NA,NA,NA,NA,NA,NA,NA,NA,NA,NA,NA,1006.73333333333,1015.81333333333,1015.49333333333,1013.52333333333,NA,NA,NA,NA,0.753333333333333,0.98,1.22333333333333,0.433333333333333
"4",NA,NA,1903,NA,NA,NA,NA,NA,NA,NA,NA,NA,NA,NA,NA,NA,NA,NA,NA,NA,NA,-0.37691431346981,-0.96379967756655,-0.837914390125494,-0.846427252374846,-0.234833399454753,-0.802409569422404,-0.8563072681427,-0.690247456232707,NA,NA,NA,NA,NA,NA,NA,NA,NA,NA,NA,NA,NA,NA,NA,NA,NA,NA,NA,NA,NA,1012.45,1017.38333333333,1015.86666666667,1013.5,NA,NA,NA,NA,-0.16,-0.0966666666666667,0.546666666666667,0.00666666666666667
"5",NA,NA,1904,NA,NA,NA,NA,NA,NA,NA,NA,NA,NA,NA,NA,NA,NA,NA,NA,NA,NA,-0.706634375692784,-0.75763416783563,-1.38656055735446,-0.528587216892462,-0.00585822264353434,-0.682466268539429,-1.10582915941874,-0.278404951095581,NA,NA,NA,NA,NA,NA,NA,NA,NA,NA,NA,NA,NA,NA,NA,NA,NA,NA,NA,NA,NA,1012.65666666667,1015.79333333333,1017.70333333333,1013.39,NA,NA,NA,NA,-0.103333333333333,-0.333333333333333,-1.25,0.646666666666667
"6",NA,NA,1905,NA,NA,NA,NA,NA,NA,NA,NA,NA,NA,NA,NA,NA,NA,NA,NA,NA,NA,-0.455936612342966,-0.345350252348801,-0.32373303709359,-0.430332734667022,0.621699889500936,0.3605055809021,-0.636630455652873,-0.804759343465169,NA,NA,NA,NA,NA,NA,NA,NA,NA,NA,NA,NA,NA,NA,NA,NA,NA,NA,NA,NA,NA,1008.11,1011.91666666667,1016.62333333333,1013.31333333333,NA,NA,NA,NA,0.566666666666667,0.943333333333333,0.933333333333333,0.31
"7",NA,NA,1906,NA,NA,NA,NA,NA,NA,NA,NA,NA,NA,NA,NA,NA,NA,NA,NA,NA,NA,-0.406261756502349,-0.32484395894511,-0.478018134215782,-0.349948668205875,0.0193672180175781,-0.158998250961304,-0.634233474731445,-0.522419134775797,NA,NA,NA,NA,NA,NA,NA,NA,NA,NA,NA,NA,NA,NA,NA,NA,NA,NA,NA,NA,NA,1009.93666666667,1013.86666666667,1014.80666666667,1012.32666666667,NA,NA,NA,NA,0.533333333333333,0.67,0.266666666666667,0.486666666666667
"8",NA,NA,1907,NA,NA,NA,NA,NA,NA,NA,NA,NA,NA,NA,NA,NA,NA,NA,NA,NA,NA,-0.537171862180206,-0.609163523679492,-0.441472185617206,-0.647083816857174,-0.660535494486491,-0.472058693567912,-0.722662766774495,-0.514097929000854,NA,NA,NA,NA,NA,NA,NA,NA,NA,NA,NA,NA,NA,NA,NA,NA,NA,NA,NA,NA,NA,1013.13333333333,1016.5,1016.66666666667,1014.38333333333,NA,NA,NA,NA,-0.386666666666667,-0.0633333333333333,0.08,0.423333333333333
"9",NA,NA,1908,NA,NA,NA,NA,NA,NA,NA,NA,NA,NA,NA,NA,NA,NA,NA,NA,NA,NA,-0.672639536103983,-0.958785699325046,-1.51774366532249,-1.29734348702705,-0.0741840203603109,-0.850996891657511,-1.48611044883728,-1.52186409632365,NA,NA,NA,NA,NA,NA,NA,NA,NA,NA,NA,NA,NA,NA,NA,NA,NA,NA,NA,NA,NA,1009.12,1016.84333333333,1016.66,1011.29,NA,NA,NA,NA,1.03333333333333,0.376666666666667,-0.01,-0.0333333333333333
"10",NA,NA,1909,NA,NA,NA,NA,NA,NA,NA,NA,NA,NA,NA,NA,NA,NA,NA,NA,NA,NA,-0.865510121296192,-0.956876119662975,-1.34486806474883,-1.64298784732819,-0.732633471488953,-0.995827913284302,-1.33760142326355,-1.15942056973775,NA,NA,NA,NA,NA,NA,NA,NA,NA,NA,NA,NA,NA,NA,NA,NA,NA,NA,NA,NA,NA,1010.55666666667,1016.16333333333,1016.42666666667,1013.71333333333,NA,NA,NA,NA,0.8,0.13,-0.57,-0.436666666666667
"11",NA,NA,1910,NA,NA,NA,NA,NA,NA,NA,NA,NA,NA,NA,NA,NA,NA,NA,NA,NA,NA,-1.39572635827393,-1.10019239166687,-1.3790543356161,-1.56111404950591,-1.37504311402639,-1.01620292663574,-1.62118991216024,-1.17647329966227,NA,NA,NA,NA,NA,NA,NA,NA,NA,NA,NA,NA,NA,NA,NA,NA,NA,NA,NA,NA,NA,1012.17333333333,1011.83666666667,1017.58333333333,1013.03333333333,NA,NA,NA,NA,-0.32,-0.0833333333333333,-0.103333333333333,-0.08
"12",NA,NA,1911,NA,NA,NA,NA,NA,NA,NA,NA,NA,NA,NA,NA,NA,NA,NA,NA,NA,NA,-1.20545745416619,-1.2931357050079,-1.4438573922234,-0.859816939803376,-1.02801867326101,-1.86035450299581,-1.82996678352356,-1.09487875302633,NA,NA,NA,NA,NA,NA,NA,NA,NA,NA,NA,NA,NA,NA,NA,NA,NA,NA,NA,NA,NA,1012.65666666667,1015.53666666667,1017.34666666667,1012.59,NA,NA,NA,NA,-0.09,-0.446666666666667,0.31,-0.123333333333333
"13",NA,NA,1912,NA,NA,NA,NA,NA,NA,NA,NA,NA,NA,NA,NA,NA,NA,NA,NA,NA,NA,-0.764560682609164,-0.445756287684386,-0.408703374314582,-0.763674944296651,-0.467737356821696,-0.653068383534749,0.176602522532145,-0.479927142461141,NA,NA,NA,NA,NA,NA,NA,NA,NA,NA,NA,NA,NA,NA,NA,NA,NA,NA,NA,NA,NA,1006.6,1014.17666666667,1015.87333333333,1011.85666666667,NA,NA,NA,NA,-0.646666666666667,-0.146666666666667,0.333333333333333,0.746666666666667
"14",NA,NA,1913,NA,NA,NA,NA,NA,NA,NA,NA,NA,NA,NA,NA,NA,NA,NA,NA,NA,NA,-0.655898044027131,-0.615473446078684,-0.511437784392258,-0.785907576550012,-0.762253085772196,-1.23510770003001,-0.30559762318929,-0.68010139465332,NA,NA,NA,NA,NA,NA,NA,NA,NA,NA,NA,NA,NA,NA,NA,NA,NA,NA,NA,NA,NA,1009.37,1013.17333333333,1016.37,1013.00333333333,NA,NA,NA,NA,0.43,-0.0666666666666667,1.26,0.7
"15",NA,NA,1914,NA,NA,NA,NA,NA,NA,NA,NA,NA,NA,NA,NA,NA,NA,NA,NA,NA,NA,-0.754511697264923,-0.36832373553309,-0.80272538360508,-0.618531527464417,-0.0129851500193278,-0.0251945654551188,-0.915312925974528,-0.469429492950439,NA,NA,NA,NA,NA,NA,NA,NA,NA,NA,NA,NA,NA,NA,NA,NA,NA,NA,NA,NA,NA,1005.51,1015.77333333333,1015.99666666667,1012.80333333333,NA,NA,NA,NA,0.316666666666667,0.463333333333333,0.00333333333333334,-0.14
"16",NA,NA,1915,NA,NA,NA,NA,NA,NA,NA,NA,NA,NA,NA,NA,NA,NA,NA,NA,NA,NA,-0.416870124860742,-0.0454674446719816,0.0159078948799221,-0.514155576969015,-0.0807794729868571,0.464839617411296,-0.14351765314738,-0.567070960998535,NA,NA,NA,NA,NA,NA,NA,NA,NA,NA,NA,NA,NA,NA,NA,NA,NA,NA,NA,NA,NA,1010.88333333333,1010.49333333333,1018.29,1013.91,NA,NA,NA,NA,0.206666666666667,0.166666666666667,0.776666666666667,-0.2
"17",NA,NA,1916,NA,NA,NA,NA,NA,NA,NA,NA,NA,NA,NA,NA,NA,NA,NA,NA,NA,NA,-0.667698776173866,-0.962247345639371,-1.42652241772619,-1.30903017192051,-1.0325749317805,-0.944567402203878,-0.658173163731893,-1.05874562263489,NA,NA,NA,NA,NA,NA,NA,NA,NA,NA,NA,NA,NA,NA,NA,NA,NA,NA,NA,NA,NA,1013.16333333333,1015.02333333333,1016.94333333333,1015.83,NA,NA,NA,NA,-0.22,0.22,-0.776666666666667,-0.556666666666667
"18",NA,NA,1917,NA,NA,NA,NA,NA,NA,NA,NA,NA,NA,NA,NA,NA,NA,NA,NA,NA,NA,-0.996875648799984,-0.933476797328598,-0.761707143125863,-0.627208863729718,-1.46636748313904,-1.50019427140554,-1.71770437558492,-0.784417549769084,NA,NA,NA,NA,NA,NA,NA,NA,NA,NA,NA,NA,NA,NA,NA,NA,NA,NA,NA,NA,NA,1009.67333333333,1015.73,1018.37,1014.13,NA,NA,NA,NA,-1.19,-0.0766666666666667,-0.05,-0.83
"19",NA,NA,1918,NA,NA,NA,NA,NA,NA,NA,NA,NA,NA,NA,NA,NA,NA,NA,NA,NA,NA,-0.229162954050919,-0.431434076750416,-0.370021833770577,-0.440300889946948,-0.100441376368205,-1.15786111354828,-1.27794973055522,-0.646927833557129,NA,NA,NA,NA,NA,NA,NA,NA,NA,NA,NA,NA,NA,NA,NA,NA,NA,NA,NA,NA,NA,1007.72666666667,1017.02666666667,1016.12333333333,1012.35,NA,NA,NA,NA,-0.796666666666667,-0.6,0.246666666666667,0.12
"20",NA,NA,1919,NA,NA,NA,NA,NA,NA,NA,NA,NA,NA,NA,NA,NA,NA,NA,NA,NA,NA,-1.04153779231269,-0.932072865483405,-1.09270240630227,-0.643427383214578,-0.310683886210124,-0.633543372154236,-1.9556618531545,-1.50762478510539,NA,NA,NA,NA,NA,NA,NA,NA,NA,NA,NA,NA,NA,NA,NA,NA,NA,NA,NA,NA,NA,1007,1011.77666666667,1017.98,1015.00333333333,NA,NA,NA,NA,0.366666666666667,-0.0833333333333333,-0.266666666666667,-0.386666666666667
"21",NA,NA,1920,NA,NA,NA,NA,NA,NA,NA,NA,NA,NA,NA,NA,NA,NA,NA,NA,NA,NA,-0.721017436254984,-0.7298838717499,-0.652877390795741,-0.847763088927872,-0.688320636749268,-1.44325931866964,-1.30753056208293,-0.619461377461751,NA,NA,NA,NA,NA,NA,NA,NA,NA,NA,NA,NA,NA,NA,NA,NA,NA,NA,NA,NA,NA,1010.08333333333,1017.07666666667,1015.47666666667,1012.66,NA,NA,NA,NA,-0.12,-1.01333333333333,-1.47,-0.866666666666667
"22",NA,NA,1921,NA,NA,NA,NA,NA,NA,NA,NA,NA,NA,NA,NA,NA,NA,NA,NA,NA,NA,-0.875337392297284,-0.646763356389671,-0.680516620340018,-0.466690321900379,-0.265675783157349,-0.588874022165934,-0.989082018534342,-0.240885416666667,NA,NA,NA,NA,NA,NA,NA,NA,NA,NA,NA,NA,NA,NA,NA,NA,NA,NA,NA,NA,NA,1007.99333333333,1015.62,1016.38333333333,1012.17,NA,NA,NA,NA,-0.326666666666667,-0.453333333333333,-0.29,0.303333333333333
"23",NA,NA,1922,NA,NA,NA,NA,NA,NA,NA,NA,NA,NA,NA,NA,NA,NA,NA,NA,NA,NA,-0.555770713844518,-0.848180678795124,-0.587922752588645,-0.346598011871864,-0.55401345094045,-1.75031026204427,-1.07935961087545,0.0636702378590902,NA,NA,NA,NA,NA,NA,NA,NA,NA,NA,NA,NA,NA,NA,NA,NA,NA,NA,NA,NA,NA,1012.06,1014.51666666667,1018.25666666667,1013.68333333333,NA,NA,NA,NA,0.54,0.106666666666667,-0.93,-0.19
"24",NA,NA,1923,NA,NA,NA,NA,NA,NA,NA,NA,NA,NA,NA,NA,NA,NA,NA,NA,NA,NA,-0.4497119635001,-0.350715994286811,-0.216247698356365,-0.157887307528792,-1.04801670710246,-1.24994146823883,0.211850007375081,0.568209966023763,NA,NA,NA,NA,NA,NA,NA,NA,NA,NA,NA,NA,NA,NA,NA,NA,NA,NA,NA,NA,NA,1009.05333333333,1014.47,1015.81666666667,1010.58333333333,NA,NA,NA,NA,0.396666666666667,0.426666666666667,0.893333333333333,0.493333333333333
"25",NA,NA,1924,NA,NA,NA,NA,NA,NA,NA,NA,NA,NA,NA,NA,NA,NA,NA,NA,NA,NA,-0.517298162531579,-0.662891197341612,-0.390480747442136,-0.939674433894541,0.144125461578369,-0.779093821843465,-1.31686520576477,-1.06882778803507,NA,NA,NA,NA,NA,NA,NA,NA,NA,NA,NA,NA,NA,NA,NA,NA,NA,NA,NA,NA,NA,1007.61333333333,1014.41,1016.92,1011.87666666667,NA,NA,NA,NA,0.553333333333333,0.49,-0.156666666666667,-0.496666666666667
"26",NA,NA,1925,NA,NA,NA,NA,NA,NA,NA,NA,NA,NA,NA,NA,NA,NA,NA,NA,NA,NA,-0.713030909806832,-0.777865704448744,-0.569973972748066,0.0907083275674403,-0.642340699831645,-0.967317819595337,-0.916783094406128,-0.279841502507528,NA,NA,NA,NA,NA,NA,NA,NA,NA,NA,NA,NA,NA,NA,NA,NA,NA,NA,NA,NA,NA,1007.38666666667,1013.13333333333,1017.23,1011.50333333333,NA,NA,NA,NA,-0.0266666666666667,0.616666666666667,-0.666666666666667,0.48
"27",NA,NA,1926,NA,NA,NA,NA,NA,NA,NA,NA,NA,NA,NA,NA,NA,NA,NA,NA,NA,NA,0.174157279044732,0.503433381003895,0.352559497438628,0.609905948310063,1.367103099823,1.3503246307373,-0.142668167750041,0.221628665924072,NA,NA,NA,NA,NA,NA,NA,NA,NA,NA,NA,NA,NA,NA,NA,NA,NA,NA,NA,NA,NA,1003.23,1009.29,1015.55333333333,1009.74,NA,NA,NA,NA,0.823333333333333,1.01,1.57333333333333,1.27666666666667
"28",NA,NA,1927,NA,NA,NA,NA,NA,NA,NA,NA,NA,NA,NA,NA,NA,NA,NA,NA,NA,NA,0.529433190548557,-0.303411778465085,-0.589814129094968,-0.709035223379902,0.651663144429525,-0.728945096333822,-0.90488855044047,-0.237800598144531,NA,NA,NA,NA,NA,NA,NA,NA,NA,NA,NA,NA,NA,NA,NA,NA,NA,NA,NA,NA,NA,1006.14,1016.86666666667,1016.11,1011.79666666667,NA,NA,NA,NA,1.28666666666667,0.09,-0.116666666666667,-0.366666666666667
"29",NA,NA,1928,NA,NA,NA,NA,NA,NA,NA,NA,NA,NA,NA,NA,NA,NA,NA,NA,NA,NA,-0.318420763878987,-0.253681714507355,-0.620836896457891,-0.803941324113429,-0.260409832000732,0.0233539740244548,-0.611590067545573,-0.540418863296509,NA,NA,NA,NA,NA,NA,NA,NA,NA,NA,NA,NA,NA,NA,NA,NA,NA,NA,NA,NA,NA,1007.28333333333,1012.29666666667,1016.49666666667,1011.78,NA,NA,NA,NA,0.606666666666667,0.663333333333333,-0.09,-0.86
"30",NA,NA,1929,NA,NA,NA,NA,NA,NA,NA,NA,NA,NA,NA,NA,NA,NA,NA,NA,NA,NA,-0.354241459260042,-0.330265091102699,-0.109891053451889,-0.181895528716603,-0.363989194234212,-0.781022151311239,-0.349071184794108,-0.0146493911743164,NA,NA,NA,NA,NA,NA,NA,NA,NA,NA,NA,NA,NA,NA,NA,NA,NA,NA,NA,NA,NA,1005.60666666667,1014.23666666667,1015.66666666667,1011.05,NA,NA,NA,NA,0.823333333333333,0.706666666666667,-0.0833333333333333,0.493333333333333
"31",NA,NA,1930,673.2,673.2,NA,NA,NA,3276.22950819672,NA,NA,NA,NA,NA,NA,NA,NA,NA,NA,NA,NA,0.068080547897295,-0.26504746147956,-0.387623271174814,0.0300419149727657,-0.357275764147441,-0.459036588668823,-0.770752986272176,-0.0387358665466309,NA,NA,NA,NA,NA,NA,NA,NA,NA,NA,NA,NA,NA,NA,NA,NA,NA,NA,NA,NA,NA,1008.72,1014.58666666667,1016.47666666667,1013.19666666667,NA,NA,NA,NA,-0.04,-0.356666666666667,-0.133333333333333,-0.296666666666667
"32",1930,2035.77049180328,1931,726.3,726.3,NA,NA,NA,2139.67213114754,NA,NA,NA,NA,NA,NA,NA,NA,NA,NA,NA,NA,-0.0650163828641519,-0.0411230536712997,0.0135156472524007,-0.248394271971165,0.638326644897461,0.33035937945048,-0.674348433812459,-0.408794403076172,NA,NA,NA,NA,NA,NA,NA,NA,NA,NA,NA,NA,NA,NA,NA,NA,NA,NA,NA,NA,NA,1003.02,1012.45666666667,1015.68,1014.04666666667,NA,NA,NA,NA,0.946666666666667,1.35666666666667,0.633333333333333,0.0533333333333333
"33",1931,2083.08196721311,1932,1066.3,1066.3,NA,NA,NA,3961.47540983607,NA,NA,NA,NA,NA,NA,NA,NA,NA,NA,NA,NA,-0.691075219779179,-0.549219010684682,-0.977529682510201,-0.77616793698278,-0.440996090571086,-0.456141392389933,-0.98826257387797,-0.46101721127828,NA,NA,NA,NA,NA,NA,NA,NA,NA,NA,NA,NA,NA,NA,NA,NA,NA,NA,NA,NA,NA,1012.30333333333,1010.83333333333,1016.92,1013.04,NA,NA,NA,NA,0.0833333333333334,0.766666666666667,-0.0533333333333333,-0.523333333333333
"34",1932,3716.0737704918,1933,2143.6,2143.6,NA,NA,NA,1918.5737704918,NA,NA,NA,NA,NA,NA,NA,NA,NA,NA,NA,NA,-0.589257308258407,-0.952559733322297,-1.3686231426809,-1.1616587781358,-0.530231992403666,-1.04928199450175,-0.919920365015666,-1.0025376478831,NA,NA,NA,NA,NA,NA,NA,NA,NA,NA,NA,NA,NA,NA,NA,NA,NA,NA,NA,NA,NA,1010.02666666667,1014.07,1016.80666666667,1012.86333333333,NA,NA,NA,NA,0.11,-0.133333333333333,-1.35,-0.973333333333333
"35",1933,6085.80327868852,1934,4133.3,4133.3,NA,NA,NA,8160.81967213115,NA,NA,NA,NA,NA,NA,NA,NA,NA,NA,NA,NA,-0.45742926460573,0.345234994710177,-0.00744958581595585,-0.0492733371668848,0.181582450866699,1.26890953381856,-0.127898136774699,-0.458541631698608,NA,NA,NA,NA,NA,NA,NA,NA,NA,NA,NA,NA,NA,NA,NA,NA,NA,NA,NA,NA,NA,1004.36333333333,1011.74,1017.68666666667,1011.52333333333,NA,NA,NA,NA,-0.0833333333333333,1.4,0.83,1.66
"36",1934,2619.01639344262,1935,2685,2685,NA,NA,NA,2431.96721311475,NA,NA,NA,NA,NA,NA,NA,NA,NA,NA,NA,NA,-0.119396968066007,-0.0986176128360047,-0.208210684787268,0.0651265665032398,0.0870671272277832,-0.436676581700643,-0.631832758585612,-0.92387859026591,NA,NA,NA,NA,NA,NA,NA,NA,NA,NA,NA,NA,NA,NA,NA,NA,NA,NA,NA,NA,NA,1007.37666666667,1014.55,1016.52666666667,1014.33,NA,NA,NA,NA,1.15666666666667,0.66,0.9,0.44
"37",1935,4278.61475409836,1936,534.9,534.9,NA,NA,NA,2825.45901639344,NA,NA,NA,NA,NA,NA,NA,NA,NA,NA,NA,NA,0.235395122259513,0.433884886695051,0.836084438192433,0.607801913666999,0.0258258183797201,0.0276739597320557,0.921153624852498,0.0669333934783936,NA,NA,NA,NA,NA,NA,NA,NA,NA,NA,NA,NA,NA,NA,NA,NA,NA,NA,NA,NA,NA,1003.17333333333,1013.47333333333,1016.54,1011.73333333333,NA,NA,NA,NA,1.77333333333333,1.50333333333333,2.21666666666667,1.59666666666667
"38",1936,3115.62295081967,1937,503.9,503.9,NA,NA,NA,1372,NA,NA,NA,NA,NA,NA,NA,NA,NA,NA,NA,NA,0.085389655896987,-0.0939151357645276,-0.0302982001469053,0.260631834227463,-0.681402881940206,-0.818986097971598,-0.318693955739339,0.560414473215739,NA,NA,NA,NA,NA,NA,NA,NA,NA,NA,NA,NA,NA,NA,NA,NA,NA,NA,NA,NA,NA,1014.34333333333,1012.99333333333,1016,1011.76666666667,NA,NA,NA,NA,0.263333333333333,0.37,0.503333333333333,0.403333333333333
"39",1937,4381.12295081967,1938,1307.7,1307.7,NA,NA,NA,2966.77049180328,NA,NA,NA,NA,NA,NA,NA,NA,NA,NA,NA,NA,0.0665551674777064,-0.345309148437675,-0.218653373060555,-0.348427237587414,0.448303937911987,-0.179075717926025,-0.505904912948608,0.60007119178772,NA,NA,NA,NA,NA,NA,NA,NA,NA,NA,NA,NA,NA,NA,NA,NA,NA,NA,NA,NA,NA,1007.47,1011.71,1017.43333333333,1011.16666666667,NA,NA,NA,NA,0.356666666666667,0.0866666666666667,-0.286666666666667,0.18
"40",1938,3661.58196721311,1939,1109.4,1109.4,NA,NA,NA,2779.90163934426,NA,NA,NA,NA,NA,NA,NA,NA,NA,NA,NA,NA,-0.486189166156725,-0.460644399982759,-0.611328367803289,-0.455056750363317,-0.409914294878642,-0.288463195164998,-0.898378451665243,-0.322849273681641,NA,NA,NA,NA,NA,NA,NA,NA,NA,NA,NA,NA,NA,NA,NA,NA,NA,NA,NA,NA,NA,1007.19666666667,1014.79333333333,1016.54333333333,1012.93,NA,NA,NA,NA,0.943333333333333,0.346666666666667,0.03,-1.09666666666667
"41",1939,2611.84426229508,1940,1123.5,1123.5,NA,NA,NA,3099.6393442623,NA,NA,NA,NA,NA,NA,NA,NA,NA,NA,NA,NA,-0.0635386964370464,0.696928509213459,0.592143552056674,0.398620457484804,1.17114957173665,1.13327876726786,0.394647439320882,1.00888029734294,NA,NA,NA,NA,NA,NA,NA,NA,NA,NA,NA,NA,NA,NA,NA,NA,NA,NA,NA,NA,NA,1000.45,1010.17666666667,1015.73333333333,1011.39333333333,NA,NA,NA,NA,1.76,2.19333333333333,1.98333333333333,0.99
"42",1940,1986.17213114754,1941,835.8,835.8,NA,NA,NA,3080.19672131148,NA,NA,NA,NA,NA,NA,NA,NA,NA,NA,NA,NA,0.827849396206867,0.827728664395453,0.817386755998107,0.960430151840736,1.69214924176534,1.64892371495565,1.10344115893046,1.05177585283915,NA,NA,NA,NA,NA,NA,NA,NA,NA,NA,NA,NA,NA,NA,NA,NA,NA,NA,NA,NA,NA,1002.18333333333,1011.71666666667,1014.88,1013.14666666667,NA,NA,NA,NA,2.05666666666667,2.18333333333333,2.88333333333333,1.20333333333333
"43",1941,1463.81147540984,1942,1565.5,1565.5,NA,NA,NA,2247.4262295082,NA,NA,NA,NA,NA,NA,NA,NA,NA,NA,NA,NA,0.848159824294605,0.368870153714871,0.223745008446704,0.328779753323259,1.03574506441752,0.459846973419189,0.152009010314941,-0.544533332188924,NA,NA,NA,NA,NA,NA,NA,NA,NA,NA,NA,NA,NA,NA,NA,NA,NA,NA,NA,NA,NA,1004.85,1013.42,1015.42,1014.08666666667,NA,NA,NA,NA,0.903333333333333,0.64,0.583333333333333,0.373333333333333
"44",1942,2369.23770491803,1943,879.3,879.3,NA,NA,NA,3335.19672131148,NA,NA,NA,NA,NA,NA,NA,NA,NA,NA,NA,NA,-0.0104019199979716,0.069734078508684,-0.0855825287172164,-0.218535250904916,-0.243564605712891,-0.187865495681763,-0.844815333684286,-0.331586122512817,NA,NA,NA,NA,NA,NA,NA,NA,NA,NA,NA,NA,NA,NA,NA,NA,NA,NA,NA,NA,NA,1010.12666666667,1013.74333333333,1016.17666666667,1010.16666666667,NA,NA,NA,NA,-0.386666666666667,0.59,-0.193333333333333,-0.08
"45",1943,5034.79508196721,1944,800.1,800.1,NA,NA,NA,1810.60655737705,NA,NA,NA,NA,NA,NA,NA,NA,NA,NA,NA,NA,0.136064777429076,-0.144889562499934,-0.272254718035117,0.0156195788547911,0.138152678807577,-0.164400736490885,-0.709039767583211,0.845765352249146,NA,NA,NA,NA,NA,NA,NA,NA,NA,NA,NA,NA,NA,NA,NA,NA,NA,NA,NA,NA,NA,1006.18,1013.59333333333,1016.88,1012.95333333333,NA,NA,NA,NA,0.31,0.15,-0.63,-0.21
"46",1944,1980.25409836066,1945,1373.8,1373.8,NA,NA,NA,1395.96721311475,NA,NA,NA,NA,NA,NA,NA,NA,NA,NA,NA,NA,0.43040275354495,0.230837992210498,0.0641026332460601,0.145347502039767,1.17151649792989,0.0799578825632731,-1.05541181564331,-0.942057768503825,NA,NA,NA,NA,NA,NA,NA,NA,NA,NA,NA,NA,NA,NA,NA,NA,NA,NA,NA,NA,NA,1002.695,1014,1017.02,1014.50666666667,NA,NA,NA,NA,-0.0333333333333333,-0.296666666666667,0.586666666666667,-0.703333333333333
"47",1945,2719.22950819672,1946,967.3,967.3,NA,NA,NA,2246.60655737705,NA,NA,NA,NA,NA,NA,NA,NA,NA,NA,NA,NA,-0.285956440574821,-0.106897702641871,-0.0884369285627343,-0.329226833102347,-0.414516051610311,-1.06885544459025,-0.435765504837036,-0.700394550959269,NA,NA,NA,NA,NA,NA,NA,NA,NA,NA,NA,NA,NA,NA,NA,NA,NA,NA,NA,NA,NA,1005.71,1014.11,1016.44,1014.38,NA,NA,NA,NA,-0.656666666666667,-0.23,-0.686666666666667,-0.686666666666667
"48",1946,4149.58196721311,1947,1379.3,1379.3,NA,NA,NA,4047.2131147541,NA,NA,NA,NA,NA,NA,NA,NA,NA,NA,NA,NA,-0.494496081889361,0.0640205980717451,0.322562205106363,-0.108266131631259,-0.723071376482646,-0.56771198908488,1.00182723999023,-1.17122411727905,NA,NA,NA,NA,NA,NA,NA,NA,NA,-29.5,10,28,-20,NA,NA,NA,NA,NA,NA,NA,NA,1009.34333333333,1011.95,1016.49666666667,1011.46333333333,NA,NA,NA,NA,-0.66,0.746666666666667,0.606666666666667,0.43
"49",1947,3040.63114754098,1948,1644.4,1644.4,NA,NA,NA,1694.45901639344,NA,NA,NA,NA,NA,NA,NA,NA,NA,NA,NA,NA,-0.712929757367605,-0.544262722031824,0.28051688479281,-0.711063840745509,-0.605991760889689,-0.938822666803996,0.321375052134196,-0.656211614608765,NA,NA,NA,NA,NA,NA,NA,NA,NA,-37,-8.66666666666667,32,-14,NA,NA,NA,NA,NA,NA,NA,NA,1010.92333333333,1017.78666666667,1016.84333333333,1012.29666666667,NA,NA,NA,NA,0.273333333333333,-0.53,-0.8,-1.31666666666667
"50",1948,5349.2868852459,1949,1105.9,1105.9,NA,NA,NA,2985.5737704918,NA,NA,NA,NA,NA,NA,NA,NA,413.033333333333,13.0091333333333,NA,NA,-0.981335641597879,-0.59672804310404,-0.41221853864604,-0.386702374480237,-1.40717085202535,-0.821037729581197,-0.560856898625692,-0.0309220155080159,NA,NA,NA,NA,NA,NA,NA,NA,NA,-32.3333333333333,0,42,-67.3333333333333,NA,NA,NA,NA,NA,NA,NA,NA,1012.35333333333,1011.99666666667,1017.44666666667,1011.19,NA,NA,NA,NA,-2.43666666666667,-0.866666666666667,-0.853333333333333,-1.05666666666667
"51",1949,4112.04098360656,1950,2216.9,2216.9,NA,NA,NA,2185.40983606557,NA,NA,NA,NA,NA,NA,NA,NA,461.98662295082,11.9537166666667,NA,NA,-0.408283926221146,-0.60302137807868,-0.759274499169711,-0.339224128065438,-0.708500981330872,-1.60117721557617,-1.15308380126953,0.0151574611663818,NA,NA,NA,NA,NA,NA,NA,NA,NA,-77.3333333333333,-1.33333333333333,39.3333333333333,-37.3333333333333,NA,NA,NA,NA,-1.81711325,-0.819301953333333,-0.624160913333333,-0.24639503,1011.91666666667,1013.03,1014.83333333333,1013.25,-1.4,-1.16666666666667,-0.6,-0.466666666666667,-1.94666666666667,-1.52,-1.8,-1.98666666666667
"52",1950,6946.35245901639,1951,2950.7,2950.7,NA,NA,NA,3591.6393442623,NA,NA,NA,NA,NA,NA,NA,NA,470.21131147541,12.8506721311475,NA,NA,-0.241085858728694,-0.537583936905039,-0.14388334614107,-0.0522749514415346,0.289157470067342,-0.88287885983785,-0.788495620091756,-0.218547423680623,NA,NA,NA,NA,NA,NA,NA,NA,NA,-90.6666666666667,16,87.6666666666667,-49.3333333333333,NA,NA,NA,NA,-0.461907613333333,-0.734031646666667,-1.23800606666667,-1.16698223333333,1009.15,1013.44666666667,1016.11333333333,1011.12,-0.7,0.133333333333333,0.733333333333333,1.06666666666667,-1.12,-0.836666666666667,-0.586666666666667,-0.226666666666667
"53",1951,4122.44262295082,1952,1268.9,1268.9,NA,NA,NA,2438.5737704918,NA,NA,NA,NA,NA,NA,NA,NA,441.49793442623,13.8434098360656,NA,NA,-0.549945403241563,-0.613977553036021,-0.687074752511649,-0.208780843636085,-0.387213826179504,-0.825438817342122,-0.898457447687785,0.390186945597331,NA,NA,NA,NA,NA,NA,NA,NA,NA,-61.3333333333333,5.66666666666667,54.3333333333333,-16.6666666666667,NA,NA,NA,NA,-1.2169328,-0.576581256666667,-1.068577,-0.385547836666667,1010.65,1014.52,1016.63333333333,1011.9,0.566666666666667,0.266666666666667,-0.0333333333333333,0.1,-1.38333333333333,-0.893333333333333,-1.09333333333333,-0.666666666666667
"54",1952,2934.59016393443,1953,1224.9,1224.9,NA,NA,NA,2224.59016393443,NA,NA,NA,NA,NA,NA,NA,NA,385.968852459016,13.3969180327869,NA,NA,-0.415859739670808,-0.485541224479675,-0.157886527050501,-0.381292123356085,0.105622529983521,-0.164134740829468,-0.222463607788086,0.619659344355265,NA,NA,NA,NA,NA,NA,NA,NA,NA,-169.666666666667,-6,33.6666666666667,-46,NA,NA,NA,NA,0.84566811,1.24608006666667,0.9054612,1.14062287,1004.82333333333,1012.80333333333,1017.34333333333,1010.71333333333,0.366666666666667,0.7,0.733333333333333,0.8,-0.2,-0.213333333333333,0.36,-0.583333333333333
"55",1953,4459.62295081967,1954,1423.3,1423.3,NA,NA,NA,2015.24590163934,NA,NA,NA,NA,NA,NA,NA,NA,445.628524590164,12.7777704918033,NA,NA,-0.441306506080189,-0.34114930239217,-0.310942345652087,0.0909976920862307,0.579092264175415,-0.311363855997721,-1.15560563405355,0.678574562072754,NA,NA,NA,NA,NA,NA,NA,NA,NA,-67.6666666666667,11.3333333333333,26,-60.3333333333333,NA,NA,NA,NA,1.2231421,-0.15239996,0.00387993533333334,0.0919163933333333,1008.77333333333,1016.00666666667,1016.11666666667,1010.43333333333,0.7,-0.3,-0.633333333333333,-0.8,-0.953333333333333,-0.613333333333333,0.493333333333333,0.1
"56",1954,6593.11475409836,1955,1623,1623,NA,NA,NA,1286.31147540984,NA,NA,NA,NA,NA,NA,NA,NA,330.936065573771,12.6592786885246,NA,NA,-0.282913187111931,-0.709745603251731,-1.02530290011702,-1.08274445835201,0.691984097162882,-0.979610363642375,-0.799443403879801,-0.76759680112203,NA,NA,NA,NA,NA,NA,NA,NA,NA,-70,22.6666666666667,75.3333333333333,-6,NA,NA,NA,NA,0.160352436666667,0.0287150466666667,0.0568700076666667,-0.238149799666667,1011.42333333333,1015.88333333333,1016.92333333333,1014.08333333333,-0.666666666666667,-0.766666666666667,-0.7,-1.4,-0.606666666666667,-1.48,-2.34666666666667,-2.61
"57",1955,6078,1956,2155.1,2155.1,NA,NA,NA,3321.31147540984,NA,NA,NA,NA,NA,550.494262295082,12.5546229508197,NA,600.577049180328,13.3969672131148,NA,NA,-0.503038929043145,-0.632658042578862,-0.440516792494675,-0.435052625886325,-0.367668827374776,-0.380091587702433,-0.259389559427897,0.604814608891805,NA,NA,NA,NA,NA,NA,NA,NA,NA,-81.3333333333333,30.6666666666667,57.6666666666667,-6.66666666666667,NA,NA,NA,NA,-0.17856907,0.0422338473333333,0.491580273333333,0.00762869266666667,1011.51,1013.93,1016.37,1013.69,-1.13333333333333,-0.533333333333333,-0.566666666666667,-0.433333333333333,-2.65666666666667,-2.04666666666667,-1.29666666666667,-1.70666666666667
"58",1956,6145.41803278689,1957,1956.3,1956.3,NA,NA,NA,2395.5737704918,NA,NA,NA,NA,NA,NA,NA,NA,485.71131147541,13.9069344262295,NA,NA,-0.459513886906635,0.0988710920015971,0.601629643604673,0.723132630052238,-0.533642252286275,-0.220068375269572,0.886346896489461,1.00282160441081,NA,NA,NA,NA,NA,NA,NA,NA,NA,-29.3333333333333,-1.66666666666667,45.3333333333333,-3.66666666666667,NA,NA,NA,NA,-1.33251185,-1.21097663333333,-0.943163293333333,-1.11943286666667,1010.88666666667,1011.60666666667,1015.87333333333,1010.32333333333,-0.166666666666667,0.666666666666667,1.23333333333333,1.4,-1.26,0.00666666666666666,0.996666666666667,0.923333333333333
"59",1957,2997.51639344262,1958,943.3,943.3,NA,NA,NA,2289.83606557377,NA,NA,NA,NA,NA,NA,NA,NA,413.519672131148,15.5829180327869,NA,NA,0.484303436334106,0.485709394189133,0.789846682274479,0.230131201908506,1.07982834180196,0.772712310155233,1.27479418118795,0.848955551783244,NA,NA,NA,NA,NA,NA,NA,NA,NA,-186,11,78.6666666666667,-9,NA,NA,NA,NA,-0.151136016666667,-0.90734607,-0.740629096666667,-0.49592015,1005.36,1013.6,1015.84666666667,1013.30333333333,1.73333333333333,0.966666666666667,0.533333333333333,0.433333333333333,0.106666666666667,0.863333333333333,1.09333333333333,0.04
"60",1958,2780.7868852459,1959,2447.3,2447.3,NA,31.8,NA,3400.65573770492,NA,NA,NA,NA,NA,NA,NA,NA,425.327868852459,13.1238196721311,NA,NA,0.453698130311637,0.228067805986295,0.183256256169286,0.28328949281539,0.939776102701823,-0.126285711924235,-0.0414090951283773,0.0993842283884684,NA,NA,NA,NA,NA,NA,NA,NA,NA,-73.6666666666667,15,74,-3.66666666666667,NA,NA,NA,NA,-0.29102917,-0.427073893333333,-0.424687156666667,0.0529408303333333,1009.15,1014.61333333333,1016.73333333333,1010.58333333333,0.6,0.333333333333333,-0.2,-0.0333333333333333,0.373333333333333,-0.246666666666667,-0.226666666666667,0.26
"61",1959,5566.76229508197,1960,3047.4,3047.4,NA,34.3,46.35,3013.18032786885,NA,NA,NA,NA,NA,333.216393442623,NA,0,345.339344262295,13.7522950819672,0,0,0.0617949115133834,0.0399598891707672,-0.0495913017755267,-0.359063562853583,0.772296110788981,0.122640371322632,-0.330737908681234,0.398696899414062,NA,NA,NA,NA,NA,NA,NA,NA,NA,-62,-17.3333333333333,54,-33.3333333333333,NA,NA,NA,NA,0.752581116666667,0.858557096666667,0.486747136666667,0.655293223333333,1007.90333333333,1014.35333333333,1016.86333333333,1013.36333333333,-0.0666666666666667,-0.0333333333333333,0.1,0.2,0.293333333333333,0.263333333333333,-0.00333333333333334,-0.36
"62",1960,3882.7868852459,1961,1351,1351,70.25,37.3,47.1,3156.88524590164,NA,NA,50.0804262295082,NA,NA,446.273770491803,NA,65.883,456.672131147541,NA,74.191131147541,62.937762295082,-0.0964678583473995,-0.00307579732489312,0.0962149362454469,-0.270432194348039,1.06398749351501,0.3550918896993,0.350111325581868,-0.103290637334188,NA,NA,NA,NA,NA,NA,NA,NA,NA,-158,-26.3333333333333,35,-3.33333333333333,NA,NA,NA,NA,1.1995759,1.36892174,1.11306326666667,0.44742972,1003.95333333333,1014.47666666667,1016.82,1014.66,0.0333333333333333,0.1,0.1,-0.266666666666667,0.593333333333333,0.123333333333333,-0.986666666666667,-2.04666666666667
"63",1961,4531.64754098361,1962,1609.8,1609.8,72.4,37.4,46.85,2854.59016393443,NA,NA,25.6458360655738,NA,NA,327.55737704918,NA,69.0785409836066,344.904918032787,NA,74.6862950819672,63.3039180327869,-0.301333415439759,-0.162548523730245,-0.255460592796063,-0.309144981428124,0.427091677983602,0.10378090540568,-0.584303061167399,0.89289116859436,NA,NA,NA,NA,NA,NA,NA,NA,NA,-26.6666666666667,9.66666666666667,52.3333333333333,-40.3333333333333,NA,NA,NA,NA,0.140785213333333,-0.606035993333333,-0.245723319,0.314687033333333,1009.20666666667,1016.65,1017.36333333333,1011.68,-0.2,-0.266666666666667,-0.1,-0.2,-1.71,-1.14666666666667,-1.18666666666667,-1.16666666666667
"64",1962,3583.85245901639,1963,2233.8,2233.8,69,38.8,46.85,2198.19672131148,NA,NA,38.0652950819672,NA,NA,310.966666666667,NA,73.421,325.214754098361,NA,67.4162295081967,62.8295619834711,0.194908005341716,0.258994492100573,0.0576596517672484,0.401112528504996,1.47774624824524,0.611443837483724,0.184288581212362,1.19090414047241,NA,NA,NA,NA,NA,NA,NA,NA,NA,-69,-1.33333333333333,48.3333333333333,-40.3333333333333,NA,NA,NA,NA,-0.209223423333333,-0.778448603333333,-0.405845533333333,0.429334713333333,1003.83333333333,1016.91333333333,1017.03666666667,1011.44333333333,-0.333333333333333,0.266666666666667,0.833333333333333,1.3,-0.483333333333333,-0.533333333333333,-0.97,-0.716666666666667
"65",1963,2713.05737704918,1964,1151.8,1151.8,70.25,37.2,45.85,1705.32786885246,115.940983606557,NA,10.0964098360656,274.937704918033,NA,427.950081967213,NA,64.8528032786885,432.22131147541,NA,68.7366885245902,34.2614180327869,0.229262190235072,-0.490167916848742,-0.395032952845782,-0.639780584697066,0.976901531219482,-0.69346563021342,-0.310251235961914,-0.13039509455363,NA,NA,NA,NA,NA,NA,NA,NA,NA,-65.6666666666667,34.6666666666667,41,-12.3333333333333,NA,NA,NA,NA,0.635469503333333,0.291241286666667,1.08998458333333,0.566539797333333,1006.51333333333,1018.28,1015.44,1013.81333333333,1,-0.266666666666667,-0.633333333333333,-0.8,-0.426666666666667,-1.27,-0.62,-0.616666666666667
"66",1964,6041.69672131148,1965,1506.6,1506.6,66.65,37.8,47.45,3317.54098360656,176.159016393443,NA,19.6025081967213,273.332786885246,NA,427.35737704918,NA,67.0625245901639,442.193442622951,13.3969836065574,75.8539672131148,48.8948842975207,-0.533142126771225,-0.427585536995153,-0.612240761724012,0.0115695492974643,-0.363438844680786,-0.790196100870768,-0.737574974695841,0.358982801437378,NA,NA,NA,NA,NA,NA,NA,NA,NA,-62.3333333333333,33,83.3333333333333,-26.6666666666667,NA,NA,NA,NA,-0.708754603333333,-0.993733446666667,-0.65548186,-0.8195278,1008.79666666667,1014.37,1015.73666666667,1013.63333333333,-0.566666666666667,0.2,1.16666666666667,1.96666666666667,-1.30666666666667,-1.15828932093868e-17,-0.356666666666667,-0.12
"67",1965,4097.88524590164,1966,949.2,949.2,69.1,39.1,47.5,2509.59016393443,134.640983606557,NA,10.5480218579235,234.2,NA,296.286721311475,NA,47.7334098360656,301.822950819672,13.8524754098361,62.6030163934426,20.8721393442623,-0.42938610890816,-0.306475372561093,-0.288354081669073,-0.271245268295551,0.220178365707397,-0.53258736928304,-0.14925758043925,0.00184289614359538,NA,NA,NA,NA,NA,NA,NA,NA,NA,-64.3333333333333,31.3333333333333,70,-12.6666666666667,NA,NA,NA,NA,-0.876998353333333,-1.21569434333333,-1.11850912666667,-0.830391996666667,1010.09,1014.65666666667,1015.97,1013.35666666667,1.43333333333333,0.7,0.166666666666667,-0.133333333333333,-0.263333333333333,-0.586666666666667,0.0233333333333333,-0.883333333333333
"68",1966,3204.60655737705,1967,1434.8,1434.8,68.85,40.3,44.3,1432.29508196721,117.604918032787,NA,6.70116393442623,282.001639344262,NA,402.316573770492,NA,44.8006557377049,407.679901639344,NA,55.482737704918,13.6975409836066,-0.164486398642091,-0.129832183903661,0.420874899283223,0.394542956626278,0.0474291642506917,-0.543450673421224,0.0504747231801351,1.1370861530304,-98.3788546255507,-27.413698630137,-25.3038674033149,-36.5307262569832,NA,NA,NA,NA,NA,-88,28,120.666666666667,-24.3333333333333,NA,NA,NA,NA,-0.630369216666667,-1.00189171,-1.05981195333333,-0.210691651133333,1007.84,1018.41666666667,1015.80666666667,1011.02666666667,-0.4,-0.366666666666667,-0.0666666666666667,-0.333333333333333,-0.233333333333333,-1.11,-1.09666666666667,-0.47
"69",1967,5265.72950819672,1968,3100.4,3100.4,73.375,36.9,47.55,3192.29508196721,116.226229508197,NA,3.07848633879781,201.270491803279,NA,282.462,NA,36.8348360655738,282.613967213115,NA,47.1444918032787,9.78180327868852,-0.230163291267965,0.0602273031897929,0.578570951812569,-0.0370106499770592,-0.271057764689128,-0.65748127301534,-0.0400214989980062,-0.433359305063883,109.254901960784,-102.242424242424,-41.1868131868132,-66.2722222222222,NA,NA,NA,NA,NA,-95,11,61.3333333333333,-47.3333333333333,NA,NA,NA,NA,-0.541789596666667,-1.01658945666667,-1.00638267333333,-0.625821636666667,1006.72333333333,1015.25666666667,1015.78333333333,1011.00333333333,-0.566666666666667,-0.333333333333333,0.466666666666667,0.533333333333333,-0.583333333333333,-0.623333333333333,0.123333333333333,-0.24
"70",1968,3979.80327868852,1969,1492.1,1492.1,68.55,33.5,45.65,2681.31147540984,212.890163934426,NA,46.3375792349727,236.173770491803,NA,355.200819672131,NA,51.017737704918,364.202524590164,NA,61.0229180327869,51.7770245901639,-0.298990053829105,-0.51259214264908,-0.060797748894527,-0.327196495560394,-0.78133753935496,-1.23838452498118,-0.469718217849731,-0.160506725311279,217.064245810056,-84.2767123287671,-39.4502762430939,-27.5580736543909,NA,NA,NA,NA,NA,-77.6666666666667,-3.33333333333333,71,-20.3333333333333,NA,NA,NA,NA,-1.38840374666667,-0.335863331,-0.57957761,0.087960005,1011.63,1012.65,1016.36,1011.04333333333,1.06666666666667,0.766666666666667,0.433333333333333,0.833333333333333,-1.16,-0.38,0.06,0.203333333333333
"71",1969,4061.94262295082,1970,996.8,996.8,69.4,36.3,45.4,1617.09836065574,110.547540983607,NA,10.2818633879781,156.065573770492,NA,293.094278688525,NA,NA,300.654672131148,NA,NA,NA,0.0437120704815306,-0.0886964083403006,-0.555201362741405,-0.379028190415481,0.487754265467326,-0.239185571670532,-1.20140711466471,-1.05460945765177,19.8271954674221,-66.6675900277008,-40.1777777777778,18.7628571428571,NA,NA,NA,NA,NA,-108.666666666667,19.6666666666667,63.3333333333333,-16.6666666666667,NA,NA,NA,NA,0.204755103333333,-0.0500761833333333,0.35219072,0.136890333333333,1003.45,1013.95666666667,1015.85333333333,1014.37666666667,0.466666666666667,0.166666666666667,-0.566666666666667,-0.8,0.806666666666667,0.423333333333333,-0.75,-1.28666666666667
"72",1970,3678.44262295082,1971,1443.8,1443.8,70.3,35.8,43.35,1870,196.175409836066,NA,36.5085136612022,280.239344262295,NA,467.109016393443,NA,NA,483.851803278689,NA,NA,NA,-0.532571635712152,-0.959956492980321,-0.935216982611294,-1.09368180351696,-0.719182928403219,-1.37227940559387,-0.725146134694417,-0.519396861394246,95.0056818181818,-62.4246575342466,-52.7671232876712,-34.0055096418733,NA,NA,NA,NA,NA,-51.3333333333333,5,34,-10.3333333333333,NA,NA,NA,NA,-0.0711822576666667,0.600884986666667,0.636532166666667,0.347181686666667,1010.63,1013.40333333333,1015.32666666667,1014.06666666667,-1.3,-0.866666666666667,-0.766666666666667,-0.9,-1.53666666666667,-1.60666666666667,-1.3,-0.42
"73",1971,5914.95081967213,1972,1243.2,1243.2,68.8,35.2,45.95,4907.2131147541,197.547540983607,NA,38.3175683060109,311.968852459016,NA,467.758262295082,NA,NA,464.953819672131,NA,NA,NA,-1.23434751417445,-0.799153530597687,-0.435185503411567,-0.59554156051285,-1.27615288893382,-1.05044106642405,-0.273196220397949,-0.82839568456014,104.421052631579,-65.3907103825137,-8.18852459016393,-8.00554016620499,NA,NA,NA,NA,NA,-49.6666666666667,2.66666666666667,54.3333333333333,-3.66666666666667,NA,NA,NA,NA,-0.322304651,-0.707543146666667,-0.50358629,-0.859019803333333,1012.53333333333,1014.80333333333,1016.04,1013.12666666667,-0.666666666666667,0.4,1.13333333333333,1.83333333333333,-1.89666666666667,-1.77,-0.816666666666667,0.283333333333333
"74",1972,7495.49180327869,1973,1220.9,1220.9,67.85,36.5,49.45,1606.09836065574,88.272131147541,NA,5.78339890710382,82.0672131147541,NA,140.488606557377,NA,NA,147.869901639344,NA,NA,NA,-0.530981914887483,-0.561216995976437,-0.774937296187741,-0.79739697500207,-0.788162509600321,-0.298627058664958,-1.04129393895467,-0.70951501528422,80.4078212290503,-54.6318681318681,-45.3369565217391,36.8254847645429,NA,NA,NA,NA,NA,-74,22.3333333333333,68.6666666666667,-15.3333333333333,NA,NA,NA,NA,-0.438000431666667,0.0439082026666667,0.33506073,0.198195356666667,1009.08666666667,1013.93333333333,1016.84666666667,1014.63,1.7,-0.0333333333333333,-1.1,-1.7,-0.466666666666667,-0.65,-0.893333333333333,-1.06333333333333
"75",1973,2307.5737704918,1974,1560.8,1560.8,69.275,38.4,46.35,2692.45901639344,172.155737704918,NA,32.1361857923497,229.060655737705,NA,407.140540983607,NA,NA,409.972950819672,NA,NA,NA,-0.481572868084085,-0.533318635444532,-0.421093940186775,-0.0172013595186431,-0.804487824440002,-0.799371878306071,-0.693410237630208,-0.0612397988637288,55.2022471910112,-60.3379120879121,-34.366391184573,1.21944444444444,NA,NA,NA,NA,NA,-72,-3,62.6666666666667,-8,NA,NA,NA,NA,-0.350173926666667,-0.0592448283333333,0.285837753333333,-0.0391846848,1007.69666666667,1012.45666666667,1015.87666666667,1011.86666666667,-1.8,-1.03333333333333,-0.566666666666667,-0.6,-1.21,-0.566666666666667,-0.04,0.256666666666667
"76",1974,7795.4262295082,1975,1113.2,1113.2,70.225,37.8,43.4,1543.13114754098,139.191803278689,NA,18.5901857923497,160.16393442623,NA,311.253081967213,NA,NA,318.783278688525,13.8989464285714,NA,NA,-0.447241309593464,-0.915837153552592,-1.13756582271094,-1.01924303263083,-0.162613232930501,-0.72517720858256,-0.898189703623454,-0.744715372721354,76.59375,-21.8922651933702,-44.0769230769231,-34.8575498575499,NA,NA,NA,NA,NA,-61.6666666666667,20,68.6666666666667,-29.6666666666667,NA,NA,NA,NA,0.779842526666667,0.693643386666667,0.664931843333333,0.934524873333333,1008.40666666667,1015.94,1016.62333333333,1014.21666666667,-0.566666666666667,-0.733333333333333,-1.1,-1.46666666666667,-0.556666666666667,-0.943333333333333,-0.876666666666667,-1.53333333333333
"77",1975,5569.89344262295,1976,3076.8,3076.8,68.825,38.1,45,2160.16393442623,165.440983606557,NA,23.1509726775956,185.013114754098,NA,320.960590163934,NA,NA,322.303524590164,13.7663898305085,NA,NA,-0.82204942257925,-0.905070131332025,-0.812862785931291,-0.423847285084341,-0.531853318214417,-0.966015140215556,-0.610944906870524,0.0227251847585042,-2.83333333333333,-99.9118457300276,-54.6054794520548,-19.0756302521008,NA,NA,NA,NA,NA,-38.3333333333333,3.66666666666667,32,-5.66666666666667,NA,NA,NA,NA,1.11342986666667,2.09899476666667,2.2568419,1.9000603,1008.07666666667,1014.53666666667,1015.42,1010.54333333333,-1.5,-0.5,0.2,0.766666666666667,-1.53333333333333,-0.843333333333333,0.406666666666667,1.06
"78",1976,5524.18032786885,1977,1159.3,1159.3,67.425,37.4,49.45,1936.55737704918,81.7672131147541,NA,5.31551366120219,86.7245901639344,NA,128.437098360656,NA,NA,135.850918032787,14.4961162790698,NA,NA,0.235410754022927,-0.239288951953252,0.00723009986438971,-0.0455584991937396,0.933872938156128,-0.0671381155649821,-0.545849561691284,-0.245970646540324,-68.8027777777778,-59.2092391304348,-32.6994535519126,-59.0631868131868,NA,NA,NA,NA,NA,-65.3333333333333,6,61.6666666666667,-22.3333333333333,NA,NA,NA,NA,1.52847696666667,1.38928846666667,1.08179522666667,1.15605381666667,1001.75333333333,1016.42333333333,1015.67,1013.51,0.7,0.233333333333333,0.366666666666667,0.7,1.32666666666667,0.443333333333333,0.416666666666667,-0.626666666666667
"79",1977,1891.56557377049,1978,2064.7,2064.7,69.625,36.4,47.7,3489.34426229508,141.822950819672,NA,17.3085136612022,136.960655737705,NA,250.920131147541,NA,NA,257.110950819672,14.6427857142857,NA,NA,0.0431562499068249,0.193244930519455,-0.164092306707097,-0.116349908675271,0.34946608543396,0.331833044687907,0.066888968149821,0.0488842328389486,112.646892655367,-48.6318681318681,-9.26702997275204,-20.1222222222222,163116.666666667,222923.913043478,179053.260869565,NA,NA,-111,8.66666666666667,46.3333333333333,-1.33333333333333,NA,NA,NA,NA,1.10453535333333,0.552076593333333,0.55797851,0.459728406666667,1003.71,1013.49666666667,1016.92,1012.46,0.633333333333333,-0.133333333333333,-0.366666666666667,-0.266666666666667,0.366666666666667,1.17666666666667,-0.55,-0.136666666666667
"80",1978,4404.46721311475,1979,880.7,880.7,68.925,35.1,48.4,2051.93442622951,112.609836065574,NA,5.46494535519126,112.588524590164,NA,203.993852459016,NA,NA,215.207540983607,15.1853333333333,NA,NA,-0.217950721307733,-0.0432644777599422,0.210290229731593,0.578819751739502,-0.885201533635457,-0.329313993453979,-0.12082576751709,0.972878138224284,69.3621169916435,-60.2861035422343,-95.149863760218,28.6083333333333,154775.555555556,196728.260869565,135309.782608696,NA,NA,-58,13.3333333333333,49,-45,0.365,0.13,0.05,0.38,-0.62114414,-0.81500131,-1.07398596333333,-0.62992959,1011.12333333333,1012.39,1016.68,1011.18666666667,0.0333333333333333,0.233333333333333,0.0666666666666667,0.433333333333333,-0.78,0.76,0.51,0.846666666666667
"81",1979,2280.11475409836,1980,1329.7,1329.7,71.25,36.9,48.15,3161.6393442623,104.062295081967,NA,4.33386338797814,146.137704918033,NA,265.573704918033,NA,NA,273.502508196721,14.754,NA,NA,0.36701537699535,0.151066226520758,-0.25615487866018,-0.306184844312997,0.35703984896342,0.109056870142619,-0.450718561808268,-0.303790012995402,128.691460055096,-57.717032967033,-53.6457765667575,5.6043956043956,147043.956043956,186173.913043478,186035.869565217,NA,NA,-110.333333333333,15.3333333333333,77,-43.6666666666667,0.396666666666667,0.516666666666667,0.463333333333333,0.0866666666666667,-1.38887589666667,-0.475883982666667,-0.918769883333333,-0.299145240666667,1005.14666666667,1012.13,1018.09666666667,1010.96333333333,0.566666666666667,0.4,0.266666666666667,0,0.263333333333333,1.26,0.173333333333333,0.606666666666667
"82",1980,2796.36885245902,1981,2805.9,2805.9,66.95,38.8,47.7,2545.40983606557,120.027868852459,NA,5.30054098360656,183.631147540984,NA,294.915836065574,NA,NA,301.386704918033,NA,NA,NA,0.22893625559478,0.381457142377722,0.282842243676898,0.0974571255431778,0.624603033065796,0.217673858006795,-0.628288507461548,-0.180848360061646,57.1472222222222,-69.0570652173913,-18.75,20.828729281768,194722.222222222,186293.47826087,251771.739130435,NA,NA,-129,-0.666666666666667,51.6666666666667,-36.3333333333333,-0.21,0.156666666666667,-0.473333333333333,-0.11,-0.53494929,-0.372529246666667,-0.404988955533333,0.157134343233333,1002.49666666667,1011.67666666667,1016.5,1012.52,-0.266666666666667,-0.4,-0.266666666666667,-0.166666666666667,0.65,1.39666666666667,0.903333333333333,0.466666666666667
"83",1981,2678.4262295082,1982,1571,1571,67.5,35.6,45.4,2478.3606557377,165.791803278689,NA,37.856,185.567213114754,NA,348.909459016393,NA,NA,359.861426229508,NA,NA,NA,0.0485007154530492,-0.200775875305307,-0.478130389904154,-0.27847945690155,-0.186168114344279,-0.701028188069661,-0.637275616327922,-0.154750903447469,94.0473537604457,-46.7907608695652,-47.9646739130435,65.4697802197802,193633.333333333,320097.826086957,274839.130434783,NA,NA,-69.6666666666667,24,49.3333333333333,-26.6666666666667,-0.336666666666667,-0.216666666666667,1.53,2.00666666666667,-0.184069173333333,-0.894959713333333,-0.638386033333333,-0.777458466666667,1009.81,1016.46,1015.92333333333,1013.05333333333,0,0.466666666666667,0.866666666666667,1.93333333333333,0.403333333333333,-0.193333333333333,0.0633333333333333,0.32
"84",1982,5482.84426229508,1983,1537.1,1537.1,68.275,35.7,47.6,3346.22950819672,158.877049180328,NA,31.3842896174863,148.550819672131,NA,294.579491803279,NA,NA,307.926983606557,NA,NA,NA,0.0145771380128532,0.324881224865201,0.109153090948346,0.127248558504828,0.455425024032593,0.880825519561768,0.700050115585327,0.259047269821167,47.1708683473389,-51.7814207650273,-71.6804407713499,-14.4490358126722,194233.333333333,314239.130434783,223402.173913043,NA,NA,-172,-19,24,-47.3333333333333,2.59666666666667,2.78666666666667,0.886666666666667,-0.423333333333333,0.281384766666667,-0.344720186666667,-0.0451776336666667,-0.11195819,1001.59333333333,1011.71666666667,1016.15666666667,1011.96333333333,2.1,1.3,0.3,-0.766666666666667,0.653333333333333,1.92666666666667,2.57333333333333,0.963333333333333
"85",1983,3766.60655737705,1984,1899.4,1899.4,65.9,34,46.55,2427.86885245902,134.086885245902,NA,21.2680382513661,138.698360655738,NA,323.395213114754,NA,NA,339.788262295082,NA,NA,NA,0.432952148338844,0.309368761243491,0.151044351205058,0.0422866284162149,0.26307225227356,0.0485913753509521,-0.795330047607422,-0.429879188537598,83.1448863636364,-84.6593406593407,-86,34.1367521367521,200901.098901099,281086.956521739,234728.260869565,NA,NA,-70.6666666666667,-14.3333333333333,65,-52,-0.483333333333333,-0.163333333333333,-0.393333333333333,-0.28,-0.16404819,0.953559626666667,0.507168573333333,0.876282406666667,1007.12333333333,1012.03666666667,1016.37,1010.71666666667,-0.633333333333333,-0.4,-0.3,-0.566666666666667,1.46666666666667,1.53,-0.01,0.653333333333333
"86",1984,4529.55737704918,1985,832.3,832.3,66.95,29.9,46.3,2437.31147540984,113.760655737705,NA,9.72886338797814,118.596721311475,NA,208.293278688525,NA,NA,223.258049180328,15.1366557377049,NA,NA,0.0289481346634613,-0.345293803598689,-0.218204900588112,-0.158792608633809,-0.0676796436309814,-0.432494004567464,-0.539702177047729,-1.06189918518066,72.8796561604585,-57.2513661202186,-45.4016393442623,72.6043956043956,190355.555555556,210619.565217391,133732.608695652,NA,NA,-26.3333333333333,5,60.3333333333333,0,-0.38,-0.86,-0.32,-0.16,0.170517743,0.23567779,-0.0329928013333333,-1.30448022333333,1008.33333333333,1016.74333333333,1017.03666666667,1014.68333333333,-0.966666666666667,-0.8,-0.533333333333333,-0.333333333333333,1.01,0.253333333333333,0.686666666666667,-0.00666666666666667
"87",1985,2791.60655737705,1986,1586.3,1586.3,68.65,33.8,47.5,4130,138.477049180328,NA,14.6956885245902,132.72131147541,NA,258.212016393443,NA,NA,263.394393442623,14.9677966101695,NA,NA,0.246118316842222,0.386612215946461,0.053768348145759,0.470028803266328,-0.6863694190979,-0.0607571601867676,-0.465510686238607,-0.4750816822052,136.810584958217,-82.7527173913043,-15.1413043478261,-0.65564738292011,167600,276945.652173913,180168.47826087,NA,NA,-159.333333333333,-7.33333333333333,58.3333333333333,-4.33333333333333,-0.333333333333333,-0.363333333333333,0.576666666666667,0.843333333333333,-1.29948936666667,-0.64380841,-0.87517878,-0.52108112,1001.25,1013.69,1015.68333333333,1012.63,-0.466666666666667,-0.2,0.2,0.9,1.03666666666667,1.63,0.83,0.996666666666667
"88",1986,2732.00819672131,1987,1142.2,1142.2,68.725,37.9,49.35,3451.03278688525,120.665573770492,NA,9.79578142076503,132.345901639344,NA,188.033983606557,NA,NA,194.618180327869,15.7573770491803,NA,NA,0.45855084274007,0.283634292394265,-0.276376541181542,0.149015307700497,0.578121105829875,0.430478731791178,-0.733765999476115,-0.172696272532145,105.83008356546,-70.5869565217391,-38.0788043478261,-25.1577464788732,155311.111111111,175217.391304348,123996.739130435,NA,NA,-110.333333333333,-5.33333333333333,59,-23,1.04,1.68,1.80666666666667,1.07,0.332657383333333,0.343507176666667,0.386701816666667,0.270996813333333,1003.22333333333,1012.35,1015.50333333333,1012.53333333333,1.2,1,1.46666666666667,1.46666666666667,1.8,2.03666666666667,1.85666666666667,1.75666666666667
"89",1987,2049.22950819672,1988,457.8,457.8,70.15,37.9,48.2,3194.08196721311,93.9688524590164,NA,10.0135901639344,110.119672131148,NA,174.100098360656,NA,NA,185.383459016393,14.8013793103448,NA,NA,0.0132102283938178,-0.0596399004431977,-0.220489463312873,-0.235127068114007,0.318384806315104,-0.062787135442098,-0.559689998626709,-0.741246461868286,54.1813186813187,-91.6630434782609,-88.4726775956284,-23.6741573033708,147081.318681319,153645.652173913,125751.086956522,NA,NA,-67,-5,50.3333333333333,-25,0.55,-0.06,-1.58333333333333,-1.64,0.864785786666667,1.44001996,1.62013856666667,1.34861133333333,1006.35666666667,1012.97333333333,1015.76666666667,1012.50666666667,0.8,-0.366666666666667,-1.23333333333333,-1.5,1.14666666666667,1.18666666666667,0.523333333333333,-0.163333333333333
"90",1988,2999.52459016393,1989,1631.7,1631.7,68.3,37.2,45.8,2981.27868852459,122.093442622951,NA,12.7365300546448,132.311475409836,NA,217.268754098361,NA,NA,230.045442622951,15.1022950819672,NA,NA,-0.339264697042005,0.06084457539964,0.174606448206408,0.12108399840607,-0.461732069651286,-0.0793567895889282,0.326222737630208,0.128131866455078,120.813888888889,-27.4076086956522,-48.383152173913,-9.53168044077135,160308.888888889,211663.043478261,133401.086956522,NA,NA,-17,-10.6666666666667,51,5,-1.21333333333333,-1.11,-0.956666666666667,-0.5,0.90987403,0.765536273333333,0.817697393333333,0.265145736666667,1011.8,1015.63,1017.06666666667,1014.01,-1.63333333333333,-0.833333333333333,-0.333333333333333,-0.2,-0.8,-0.226666666666667,0.426666666666667,-0.19
"91",1989,2924.01639344262,1990,1858.7,1858.7,69.075,37.4,50,4259.34426229508,139.821666666667,NA,17.3253591160221,175.46393442623,NA,260.891032786885,NA,NA,267.20862295082,14.2973606557377,NA,NA,0.006107248520029,0.0394251130778214,0.357316227068846,0.252725717391091,0.0512869358062744,-0.165820916493734,0.554911533991496,0.384319067001343,33.5777777777778,-31.3188010899183,-31.1766304347826,-57.3324175824176,160833.333333333,212467.391304348,212725,NA,NA,-31.6666666666667,5.33333333333333,47.6666666666667,-3,0.176666666666667,0.27,0.09,0.09,-0.0613260966666667,0.266075201666667,-0.218046076,-0.339476523333333,1010.10666666667,1013.42333333333,1015.94666666667,1015.74666666667,0.0666666666666667,0.3,0.333333333333333,0.366666666666667,-0.386666666666667,0.03,0.273333333333333,-0.666666666666667
"92",1990,3622.39344262295,1991,3905.5,3905.5,70.825,37.7,47.05,3212.62295081967,173.052459016393,NA,25.2856393442623,179.559016393443,NA,274.625704918033,NA,NA,281.087016393443,13.517393442623,NA,NA,0.045696271425006,-0.107198019822439,-0.294367105659397,0.125350232507991,-0.519798517227173,-0.197981119155884,-0.721110264460246,-0.0860034624735514,49.2972222222222,-14.7065217391304,-57.4986376021798,-6.58241758241758,206300,252043.47826087,221434.782608696,NA,NA,-41.3333333333333,19.6666666666667,55,7.33333333333333,0.173333333333333,0.256666666666667,0.73,0.96,-0.86051957,-0.357650574666667,-0.48043838,-0.736994306666667,1007.45,1014.41,1015.93666666667,1011.21666666667,0.366666666666667,0.333333333333333,0.633333333333333,0.866666666666667,-1.81333333333333,-0.753333333333333,-0.403333333333333,0.52
"93",1991,4488.81967213115,1992,1364.6,1364.6,69.875,39.3,51.6,3953.93442622951,111.734426229508,NA,9.3815737704918,137.716393442623,NA,187.755737704918,NA,NA,196.496721311475,16.6940327868852,NA,NA,0.0374408823320235,0.490183583073232,0.596018104991694,0.352065734753663,0.460580110549927,1.19313454627991,0.568589369455973,0.0116692384084066,-64.9505494505494,-49.5407608695652,-5.25136612021858,-36.0027472527473,142432.967032967,172493.47826087,138784.782608696,NA,NA,-118,19.6666666666667,69.3333333333333,-11,1.52666666666667,1.79666666666667,0.806666666666667,0.68,-0.05881037,-1.35001079,-1.35351916666667,-1.06543113333333,1004.54,1013.37,1015.64666666667,1012.16666666667,1.6,1.3,0.4,-0.2,0.15,0.986666666666667,1.53333333333333,0.896666666666667
"94",1992,1762.10655737705,1993,766.8,766.8,70.85,35.7,45,1900.39344262295,99.0686721311475,7.91067391304348,13.4439508196721,127.919655737705,11.7697049180328,254.397770491803,NA,NA,264.096278688525,14.8449180327869,NA,NA,0.0666150848755891,0.44607263865142,0.513727288410581,0.278170569189664,0.0292369524637858,0.574010848999023,0.628300746281942,-0.115669727325439,134.395543175487,-90.4386920980926,-20.8497267759563,12.2857142857143,141117.777777778,202223.913043478,172590.217391304,NA,NA,-46,-34.3333333333333,51.3333333333333,13,0.846666666666667,1.08,1.01,0.763333333333333,-2.2754968,-1.19672488666667,-1.624994,-2.46680016666667,1008.79,1009.92666666667,1015.92,1014.01333333333,0.1,0.633333333333333,0.4,0.1,0.256666666666667,1.36666666666667,2.46,1.40333333333333
"95",1993,1923.6393442623,1994,583.9,583.9,67.4,38.4,51.45,3453.19672131148,102.102131147541,9.73357142857143,10.3136229508197,132.426229508197,12.2905737704918,194.685508196721,NA,NA,203.623065573771,16.6011639344262,NA,NA,0.375463275251717,0.360792743406077,0.318088415847428,-0.0277927935808554,0.524196545283,0.55847954750061,0.452647050221761,0.723892052968343,15.8551532033426,-56.6021798365123,-21.5108695652174,1.99175824175824,125124.444444444,163027.173913043,144456.52173913,NA,NA,-63.6666666666667,6.33333333333333,61,-6,0.0366666666666667,-0.06,0.656666666666667,1.17333333333333,-1.9444107,-1.20140714666667,-0.727166983333333,-1.30134286666667,1008.51,1013.31666666667,1017.2,1014.38333333333,0.1,0.3,0.4,0.766666666666667,0.956666666666667,1.02666666666667,-0.09,-1.54666666666667
"96",1994,1801.27868852459,1995,1515.1,1515.1,71.725,38.5,47.35,3365.40983606557,112.608606557377,10.1675862068966,14.043087431694,138.654393442623,11.9059824561404,264.176426229508,15.1481475409836,NA,274.791868852459,15.1631578947368,NA,NA,-0.280814344238961,0.181005307175647,0.135559121493635,0.26582219189611,0.26251228650411,0.685712258021037,0.84088404973348,0.925425291061401,85.1727019498607,16.5776566757493,-19.0980926430518,-0.324175824175824,151348.888888889,208489.130434783,205978.260869565,NA,NA,-151,11.3333333333333,42,-24.3333333333333,0.706666666666667,0.16,-0.3,-0.726666666666667,-1.02555351,-1.79461756666667,-1.18448166666667,-0.56302038,1004.72666666667,1013.22666666667,1016.21666666667,1011.68666666667,0.933333333333333,0.3,-0.233333333333333,-0.933333333333333,-0.606666666666667,1.01333333333333,1.06333333333333,0.45
"97",1995,3641.46721311475,1996,4700.6,4700.6,69,35.6,47.9,4629.01639344262,193.740983606557,7.98604918032787,21.869393442623,212.83831147541,11.215,359.498327868852,12.9696721311475,NA,368.048344262295,13.3292950819672,NA,NA,0.50961041984887,0.664384361108144,0.331541891755729,0.103066505234817,0.734522422154745,0.314073006312052,-0.440062284469604,0.104225556055705,86.5276243093923,4.76775956284153,7.83106267029973,3.86813186813187,281318.681318681,323902.173913043,263173.913043478,NA,18.78,-95.3333333333333,-6.33333333333333,95.6666666666667,4.66666666666667,-0.82,-0.72,-0.753333333333333,-0.29,-0.49204,-0.953215386666667,-0.89747334,-1.02505771333333,1005.32333333333,1012.12333333333,1017.66,1013.74333333333,-0.9,-0.433333333333333,-0.3,-0.4,0.5,1.55,0.576666666666667,-9.25411729306898e-18
"98",1996,3997.18032786885,1997,1387.2,1387.2,69.025,36.5,46.55,4187.70491803279,212.631803278689,7.82547540983607,25.890043715847,276.286918032787,10.673,465.395901639344,12.8495833333333,NA,469.602573770492,13.7926393442623,NA,NA,0.193926425226803,0.51639201401294,1.24118638531915,0.756686256123685,0.234450181325277,0.500360171000163,1.06974991162618,1.44785133997599,219.003412969283,-53.5820895522388,-25.4944444444444,105.008356545961,245544.444444444,356086.956521739,314271.739130435,10.2969230769231,17.8223684210526,-49.6666666666667,-14.3333333333333,24,-38,-0.61,0.186666666666667,2.18666666666667,2.08,-1.3694127,-0.667120213333333,-0.832194043333333,-0.300568756666667,1005.36,1013.08333333333,1015.58666666667,1011.91666666667,-0.466666666666667,0.333333333333333,1.56666666666667,2.26666666666667,0.16,1.17666666666667,2.63333333333333,1.64
"99",1997,5728.69672131148,1998,1968.1,1968.1,69.15,39.2,49.4,2713.11475409836,124.544278688525,8.62484745762712,26.3659180327869,167.750606557377,12.4334098360656,306.440491803279,14.3765245901639,NA,320.75331147541,14.7377627118644,NA,NA,0.370556194343786,0.270525195269749,0.0369293947329466,-0.26651357837107,1.76963114738464,1.40701103210449,0.282696485519409,0.439283132553101,116.393767705382,-4.73121387283237,20.6502732240437,112.815934065934,182300,232695.652173913,217684.782608696,11.290625,19.8688888888889,-139.333333333333,9.33333333333333,83,-37.3333333333333,2.23,2.36,-0.93,-1.27333333333333,0.896218193333333,0.564137516666667,0.261613696666667,0.286860810666667,1003.09666666667,1013.01,1018.10333333333,1012.44,2.16666666666667,0.966666666666667,-0.666666666666667,-1.4,1.02,1.32666666666667,0.0466666666666667,-1.04
"100",1998,2804.14754098361,1999,1373.2,1373.2,73.05,40.3,47.95,2403.27868852459,150.223032786885,7.59283606557377,26.3203169398907,172.623245901639,10.5334590163934,306.169491803279,13.1315,NA,322.493508196721,13.5734754098361,NA,NA,-0.396300293796364,-0.89625213666894,-0.913835729949776,-0.779979069479581,0.321203867594401,-0.584376494089762,-0.589438358942668,-0.691026369730631,226.480555555556,18.1320224719101,-75.6876712328767,68.7301136363636,199811.111111111,273565.217391304,265608.695652174,10.1820895522388,18.0173913043478,-148,-1.33333333333333,55,-17.3333333333333,-1.23,-1.21333333333333,-1.17333333333333,-1.27,1.38527183,1.7417763,1.57330333333333,1.26811226666667,1008.74333333333,1014.96,1015.84,1013.36666666667,-1.46666666666667,-1.03333333333333,-1.06666666666667,-1.33333333333333,-0.473333333333333,-0.473333333333333,-0.973333333333333,-1.93666666666667
"101",1999,6732.61475409836,2000,2114.4,2114.4,68.575,37.4,49.7,2956.40983606557,157.24931147541,8.22383606557377,25.9164043715847,146.417508196721,11.3604426229508,231.295409836066,14.4351475409836,NA,243.852967213115,14.7214262295082,NA,NA,-0.557699114221266,-0.225300095752738,0.0907754070457371,-0.276632072733737,0.289471944173177,0.163524627685547,0.145380814870199,-0.0712950229644775,321.830985915493,-69.3093922651934,-17.9100817438692,49.7423822714681,197175.824175824,240086.956521739,172975,11.1544117647059,19.1065217391304,-70,-2,60,-11,-1.32,-1.08666666666667,-0.6,-0.606666666666667,1.5269583,2.2449434,1.70315946666667,1.69765413333333,1008.32666666667,1012.42333333333,1016.93333333333,1011.79666666667,-1.6,-0.866666666666667,-0.566666666666667,-0.6,-1.48666666666667,0.196666666666667,-0.763333333333333,-1.02333333333333
"102",2000,3746.37704918033,2001,669,669,69.175,36.1,46.25,1405.75409836066,63.0314918032787,9.34682352941176,24.777956284153,75.3321475409836,11.8185423728814,129.341016393443,15.0674098360656,NA,140.479655737705,15.2874262295082,NA,NA,-0.056419415035467,-0.325571911362396,-0.19639198917082,-0.34946448994779,0.329857110977173,-0.296547651290894,-0.511201699574788,-0.364364544550578,220.312676056338,-99.5136612021858,-154.6,-19.5574229691877,133266.666666667,124454.347826087,105682.608695652,11.3790322580645,19.4318681318681,-60.6666666666667,15,63.6666666666667,-29.6666666666667,-0.83,-0.66,-0.13,-0.213333333333333,2.66099153333333,2.18220386666667,1.9216048,1.60647726666667,1004.90333333333,1014.38333333333,1016.77,1011.47666666667,-0.633333333333333,-0.333333333333333,-0.1,-0.266666666666667,0.47,-0.0533333333333333,-0.85,-1.33333333333333
"103",2001,1701.77049180328,2002,1641.5,1641.5,69.225,39.3,45.4,3008.52459016393,131.921803278689,7.92535,27.8824918032787,177.299295081967,11.1957540983607,278.997245901639,13.2978852459016,NA,282.546655737705,13.7166393442623,NA,NA,-0.429384940794145,-0.343471746540618,-0.0174394119745013,0.137312965831537,-0.133841514587402,-0.818067789077759,-0.499313672383626,-0.181422154108683,170.788300835655,-9.03542234332425,-91.8586956521739,25.9745762711864,136413.333333333,193963.043478261,232760.869565217,10.1838709677419,18.504347826087,-92.3333333333333,8.33333333333333,74.6666666666667,-26,-0.0566666666666667,-0.22,0.596666666666667,0.796666666666667,2.0203324,1.29942382,1.26651045,1.10242113666667,1008.24333333333,1015.74666666667,1015.57333333333,1009.77,-0.133333333333333,0.233333333333333,0.8,1.16666666666667,-0.433333333333333,-0.46,-0.02,0.786666666666667
"104",2002,4861.39344262295,2003,976.6,976.6,70.025,38.8,47.9,3113.77049180328,123.16962295082,8.02072131147541,23.3284699453552,139.182754098361,11.5422131147541,241.796655737705,13.9584262295082,NA,260.110639344262,14.3943114754098,NA,NA,0.459754832859697,0.34075584027959,0.495117412216362,0.401184830720397,1.00407346089681,0.494193394978841,0.535478671391805,0.218516747156779,247.57060518732,-0.15041782729805,-126.111716621253,94.8864265927978,125387.777777778,199923.913043478,173641.304347826,10.7242857142857,19.6766666666667,-143,-24,82.6666666666667,-7.33333333333333,0.76,-0.04,-0.0166666666666667,0.23,1.86609866,1.17056396666667,0.920806753333333,0.680616146666667,1003.44666666667,1013.61,1016.10333333333,1014.26333333333,0.866666666666667,0.0333333333333333,0.0333333333333333,0.333333333333333,1.98,1.19333333333333,0.84,0.453333333333333
"105",2003,2792.4262295082,2004,1786,1786,72.05,37.5,50.75,3813.60655737705,108.063327868852,9.12208620689655,22.8854480874317,129.14006557377,12.2707213114754,217.008393442623,14.7110327868852,NA,244.982639344262,15.0777049180328,NA,NA,0.0426888246645873,0.399980405486863,0.89061138164038,0.358863334820188,0.36572790145874,0.765099922815959,0.982255299886068,0.0523637135823568,337.818681318681,2.25824175824176,50.7796143250689,-41.5386740331492,139407.692307692,175010.869565217,165600,11,19.9054347826087,-153,4,39,6.33333333333333,0.0733333333333333,-0.37,0.276666666666667,0.463333333333333,0.38554044,0.23851165,0.624475453333333,-0.00749026600000001,1003.56333333333,1013.59,1015.12666666667,1013.19333333333,0.366666666666667,0.2,0.466666666666667,0.7,0.413333333333333,0.686666666666667,0.443333333333333,0.00333333333333333
"106",2004,2294.76229508197,2005,2453.4,2453.4,70.95,37.9,49.45,2141.31147540984,107.485573770492,8.69560655737705,21.756087431694,129.119672131148,12.434606557377,214.105819672131,14.3845737704918,NA,217.430295081967,15.0566229508197,NA,NA,0.153145954800748,0.640142127700236,0.753938463364524,0.014943702741601,0.246645291646322,0.824043273925781,0.40511687596639,-0.0289618174235026,-25.2541899441341,-59.6986301369863,13.6413043478261,-90.3681318681319,149744.444444444,170486.956521739,168739.130434783,10.9826086956522,19.5217391304348,-29,-7,63,6,0.4,0.376666666666667,0.0566666666666667,-0.503333333333333,-1.37952591666667,-1.32059538,-1.35912626666667,-1.37410492666667,1007.10333333333,1011.42,1015.51,1014.30666666667,0.633333333333333,0.366666666666667,-0.0333333333333333,-0.333333333333333,0.36,1.41666666666667,0.693333333333333,-1.09333333333333
"107",2005,1028.83606557377,2006,1220.3,1220.3,69.85,37.3,47.1,2013.4262295082,160.522459016393,8.86651923076923,19.1915027322404,185.684754098361,11.9008524590164,327.531836065574,13.9227049180328,NA,332.107360655738,14.5861803278689,NA,NA,0.160634203203793,-0.170944647131295,0.114869409868087,-0.0783661151754445,0.623570203781128,-0.186265150705973,-0.158329804738363,-0.428119579950968,-109.566666666667,-51.7547683923706,41.0353260869565,22.1923076923077,164322.222222222,269902.173913043,209097.826086957,9.58125,19.4032608695652,-80.6666666666667,-12.6666666666667,92.3333333333333,-14,-0.636666666666667,-0.626666666666667,0.146666666666667,0.736666666666667,-0.989325773333333,-0.465919593333333,-0.331047366666667,-0.794859043333333,1007.29333333333,1015.59666666667,1016.98333333333,1014.56,-0.766666666666667,-0.266666666666667,0.133333333333333,0.7,0.63,0.31,0.246666666666667,-0.403333333333333
"108",2006,3612.08196721311,2007,2070.6,2070.6,71.475,36.5,48.05,5001.31147540984,162.81262295082,6.8406,13.4007868852459,162.916885245902,NA,244.749967213115,14.0114590163934,NA,244.956590163934,14.6963770491803,NA,NA,-0.356325072666694,-0.493707750035428,0.064572051475788,-0.359404956883398,0.00879073143005371,-0.332984765370687,0.335458437601725,-0.254002094268799,-226.647222222222,-148.502717391304,-47.2288828337875,-110.964187327824,152325.555555556,230391.304347826,175402.173913043,9.29239130434783,19.3554347826087,-39.3333333333333,15,19.6666666666667,5,0.533333333333333,-0.34,-0.853333333333333,-1.12333333333333,-0.23496423,0.134285766666667,1.30054706666667,0.968768876666667,1007.21333333333,1012.70666666667,1015.66666666667,1011.61333333333,0.633333333333333,-0.166666666666667,-0.566666666666667,-1.33333333333333,0.0633333333333333,-0.1,0.456666666666667,-0.963333333333333
"109",2007,3093.83606557377,2008,1124,1124,70.2,36,44.05,1300.4262295082,126.280655737705,7.67690163934426,10.3022459016393,185.457868852459,11.0795573770492,328.279,12.7289672131148,NA,340.066278688525,13.257131147541,NA,NA,-0.623958031816044,-0.781107376978315,-0.487957437011017,-0.556527411526647,-0.712082743644714,-1.10495281219482,-1.48280787467957,-0.728066841761271,-3.81792717086835,-31.3559782608696,-10.1684782608696,-112.209366391185,136938.461538462,204815.217391304,231228.260869565,8.69782608695652,18.2108695652174,-32.3333333333333,11.3333333333333,38,-2.33333333333333,-1.19,-1.21666666666667,-0.936666666666667,-1.08,0.716212183333333,1.50264143333333,1.61659216666667,1.9874529,1008.58,1015.17,1016.11333333333,1013.40333333333,-1.53333333333333,-0.966666666666667,-0.4,-0.433333333333333,-0.783333333333333,-1.2,-1.57,-1.52
"110",2008,3557.55737704918,2009,2015.7,2015.7,69.3,35.6,44.95,1841.52459016393,118.646229508197,7.20919672131148,9.65607650273224,139.096229508197,11.3602950819672,274.975229508197,13.6021475409836,NA,280.240442622951,14.2689672131148,NA,NA,-0.585674311443307,-0.669568085738982,0.142139099384176,-0.199538592086441,-0.867949287096659,-1.05798745155334,-0.587281068166097,-0.153550863265991,37.8607954545455,26.3070652173913,57.4538043478261,-27.7087912087912,149133.333333333,214923.913043478,189566.304347826,8.47934782608696,19.5141304347826,-13.6666666666667,11,47,-39.6666666666667,-0.97,-0.823333333333333,0.316666666666667,0.666666666666667,0.693034826666667,0.433582186666667,0.549215386666667,1.06448077666667,1013.04,1016.43666666667,1015.05666666667,1012.17333333333,-0.733333333333333,-0.2,0.466666666666667,1,-1.27333333333333,-1.37333333333333,-0.25,0.13
"111",2009,3087.39344262295,2010,1372.8,1372.8,72.275,37.5,47.2,2183.77049180328,96.582606557377,8.45203333333333,10.3561857923497,151.235475409836,10.9666440677966,257.612229508197,13.0245245901639,NA,263.188245901639,13.7092459016393,NA,NA,0.0169735035677066,-0.178637137837794,-0.557738720137497,-0.376077121975778,0.290211995442708,0.384647210439046,-0.764753182729085,-0.0987012386322021,132.819444444444,-126.705722070845,92.5597826086957,-71.75,124528.888888889,150490.217391304,216179.347826087,9.66521739130435,18.5152173913043,-137.666666666667,-6.66666666666667,66,-15.3333333333333,1.05666666666667,0.543333333333333,-2.05333333333333,-2.16666666666667,1.65565276666667,1.56630476666667,1.15391196666667,1.19921676333333,1003.13,1014.10666666667,1017.64666666667,1012.71333333333,1.46666666666667,0.4,-1,-1.66666666666667,0.576666666666667,0.613333333333333,-0.846666666666667,-1.16333333333333
"112",2010,3927.18032786885,2011,2180.5,2180.5,68.15,36.8,43.35,2445.08196721311,179.441459016393,7.58047540983607,22.9352841530055,240.098163934426,10.6007049180328,416.503245901639,12.2539508196721,NA,429.462475409836,12.8134918032787,NA,NA,-0.230900381077295,-0.245764277241696,-0.53660364973134,-0.520385226984134,-0.00480143229166667,-0.501899003982544,0.0569864908854167,0.144320408503215,-6.93314763231198,-72.929347826087,1.57336956521739,-132.019230769231,185825.555555556,308739.130434783,336978.260869565,8.18913043478261,17.4163043478261,-67,-50,49,-12.6666666666667,-1.79,-1.60666666666667,-0.94,-1.24666666666667,0.550170873333333,1.06441578,1.06153573333333,0.968934943333333,1010.83,1013.1,1015.68666666667,1013.20333333333,-1.36666666666667,-0.633333333333333,-0.533333333333333,-1.03333333333333,-0.986666666666667,-0.493333333333333,-1.43,-1.82
"113",2011,5383.35245901639,2012,1123.5,1123.5,68.875,38,46.95,2679.83606557377,195.058196721311,8.02222950819672,33.5924972677596,227.075737704918,11.2336557377049,347.221754098361,13.0397213114754,NA,354.602213114754,13.5400163934426,NA,NA,-0.497541042442979,-0.579058132980062,-0.813698415646608,-0.574507913370242,-0.343853791554769,-0.399840275446574,-0.1974991162618,-0.291045904159546,-191.989010989011,-80.0217391304348,-3.87228260869565,-5.91758241758242,144868.131868132,300380.434782609,293739.130434783,8.80434782608696,17.9141304347826,-34.6666666666667,-22,54,-11.6666666666667,-0.996666666666667,-0.456666666666667,-0.0133333333333333,-0.203333333333333,0.60911619,1.556779,1.84314586666667,1.54222606666667,1007.75,1015.21,1016.67,1013.48666666667,-0.8,-0.366666666666667,0.233333333333333,0.166666666666667,-1.34,-0.86,-1.44,-1.19666666666667
"114",2012,4661.64754098361,2013,1553.1,1553.1,70.75,37.7,47.6,3238.19672131148,169.929737704918,8.60811475409836,21.731174863388,182.30131147541,11.8157719298246,269.659934426229,14.0446885245902,NA,270.540327868852,14.7690491803279,NA,NA,-0.415322958258377,-0.210634505337682,0.408843697624645,0.182210970473015,0.0142993132273356,-0.341259717941284,0.302862405776978,0.634090105692546,-68.7805555555556,-32.0625,-8.31521739130435,31.2225274725275,171866.666666667,221108.695652174,203380.434782609,9.57391304347826,19.5869565217391,-30,6.33333333333333,72.3333333333333,0.666666666666667,-0.0633333333333333,-0.406666666666667,-0.843333333333333,-0.24,1.21131163333333,0.656481736666667,0.57937884,-0.187568636666667,1008.45333333333,1015.29333333333,1015.98,1013.70333333333,-0.3,-0.233333333333333,-0.366666666666667,-0.233333333333333,-0.346666666666667,-0.236666666666667,-1.02333333333333,-0.486666666666667
"115",2013,3194.4262295082,2014,1469.4,1469.4,71.55,38.1,48.85,3464.77049180328,165.385262295082,8.09055,25.5968743169399,183.78831147541,12.22655,298.257049180328,13.9233278688525,NA,299.506508196721,14.5405573770492,NA,NA,0.393420674746064,0.80852515430286,1.24696617400509,1.34141088792647,-0.749026417732239,0.328831752141317,0.214984814325968,1.22571913401286,21.0777777777778,-47.9266304347826,7.55342465753425,-26.5564738292011,128852.222222222,264576.086956522,214076.086956522,9.34065934065934,19.4554347826087,-25,-9,80.3333333333333,-28.3333333333333,-0.43,-0.14,0.156666666666667,0.0866666666666667,-0.703257916666667,-0.281196853333333,-0.365014323333333,-0.0131346966666667,1008,1012.61,1015.84333333333,1010.58,-0.366666666666667,0.0666666666666667,0.1,0.4,0.09,1.3,0.73,1.43
"116",2014,3420.99180327869,2015,3320.3,3320.3,73.625,41.6,51.75,3165.90163934426,113.879360655738,9.83560655737705,11.9407650273224,106.566344262295,13.821606557377,176.467213114754,16.2137868852459,NA,173.740983606557,16.8845245901639,NA,NA,1.36566235895815,1.32081554251156,1.58903502047747,1.32779742876689,1.80121906598409,1.3749049504598,1.08984438578288,0.983837207158407,-54.5888888888889,-58.1634877384196,36.6839237057221,-28.5540166204986,197633.333333333,188054.347826087,139808.695652174,10.5978260869565,21.1978260869565,-45.6666666666667,28.6666666666667,80,2.66666666666667,0.206666666666667,0.48,1.83333333333333,2.06666666666667,-0.72592212,-1.16414438333333,-1.5501161,-1.88779286666667,1005.71666666667,1014.72333333333,1015.72333333333,1013.82666666667,0.633333333333333,0.8,1.5,2.33333333333333,2.42,1.54666666666667,1.64666666666667,1.42333333333333
"117",2015,1122.63114754098,2016,2828.2,2828.2,74.7,39.7,52.55,5989.67213114754,158.61468852459,10.540868852459,21.2068579234973,142.810590163934,13.9314590163934,228.14262295082,15.5698196721311,NA,226.755737704918,15.9884918032787,NA,NA,0.843547552755509,1.11848229861808,1.1969302237719,0.880375869794824,1.12778131167094,1.59650659561157,0.404890775680542,0.817685604095459,-41.2038567493113,-34.8109589041096,-5.16076294277929,-48.6561604584527,148986.813186813,245619.565217391,158043.47826087,10.7760869565217,19.9978260869565,-178,-4.66666666666667,71.6666666666667,-82.3333333333333,1.88333333333333,1.3,-0.143333333333333,-0.483333333333333,0.0210586133333333,-0.202784843333333,-0.662614576666667,0.246645146666667,1002.82333333333,1012.05666666667,1018.85333333333,1011.45,2.43333333333333,1.06666666666667,-0.3,-0.7,1.43,2.45666666666667,1.26666666666667,0.963333333333333
"118",2016,2234.93442622951,2017,1791.8,1791.8,69.85,35.1,45,3355.93442622951,223.420573770492,8.40806557377049,45.4260382513661,227.288524590164,11.8776393442623,385.134426229508,13.7413278688525,NA,391.17868852459,14.2400327868852,NA,NA,0.388245459260612,0.503101595037285,0.679828844399288,0.514469772097708,0.659677902857463,0.284090042114258,0.206010341644287,0.442110776901245,142.454038997214,-61.6494565217391,-53.7445652173913,-1.66386554621849,180400,387184.782608696,225163.043478261,8.91,19.6565217391304,-45,-21.6666666666667,74.3333333333333,-34.3333333333333,-0.386666666666667,-0.206666666666667,-0.586666666666667,-0.686666666666667,-0.82594484,-0.488189323333333,-0.42353941,-1.3312714,1010.34,1012.39,1015.70333333333,1015.21666666667,-0.333333333333333,0.266666666666667,0.166666666666667,-0.666666666666667,0.88,0.913333333333333,0.326666666666667,0.173333333333333
"119",2017,3501.93442622951,2018,2131.1,2131.1,71.725,37.7,46.25,2703.77049180328,212.960327868852,8.85645901639344,34.6621639344262,229.72095,12.8539180327869,362.924590163934,14.4971475409836,NA,360.722950819672,15.0524426229508,NA,NA,0.638821300829964,0.624181168928914,0.687433810069643,1.05159245797958,0.627615610758464,0.406499306360881,0.772473653157552,0.637579441070557,21.1648044692737,-29.9728260869565,-3.44262295081967,-33.0824175824176,193144.444444444,212000,NA,3.83333333333333,NA,-55.3333333333333,14.3333333333333,64.3333333333333,-3,-0.733333333333333,-0.996666666666667,-0.106666666666667,0.396666666666667,-2.134316,-2.00776223333333,-1.69527006666667,-2.3052369,1010.41666666667,1015.28666666667,1017.35666666667,1012.65333333333,-0.9,-0.366666666666667,0.133333333333333,0.666666666666667,0.523333333333333,0.0566666666666667,0.0833333333333333,0.09
"120",2018,2351.65573770492,2019,1197.2,1197.2,70.175,35.9,43.9,2576.68852459016,114.466557377049,8.06637704918033,15.3363715846995,131.230409836066,12.0495245901639,252.537393442623,14.3718360655738,NA,257.019786885246,15.0837540983607,NA,NA,0.910496988789789,NA,NA,NA,0.89228367805481,NA,NA,NA,NA,28.4673913043478,NA,NA,NA,NA,NA,NA,NA,NA,15,NA,NA,0.13,NA,NA,NA,-1.9662518,NA,NA,NA,NA,1010.06,NA,NA,0.8,NA,NA,NA,NA,NA,NA,NA
"121",2019,1716.1393442623,2020,1666.6,1666.6,69.525,37.9,47.6,2503.44262295082,135.59195,8.74063934426229,19.1272912087912,195.585733333333,11.7692786885246,313.932049180328,13.6109508196721,NA,315.603114754098,14.3663606557377,NA,NA,NA,NA,NA,NA,NA,NA,NA,NA,NA,NA,NA,NA,NA,NA,NA,NA,NA,NA,NA,NA,NA,NA,NA,NA,NA,NA,NA,NA,NA,NA,NA,NA,NA,NA,NA,NA,NA,NA,NA,NA,NA
